{"_timestamp":1.744037803425878e+09,"unique_positions_gfn":256,"unique_positions":256,"unique_positions_standard":256,"avg_reward":23.901105880737305,"diversity_gfn":3.2006031604445524,"_wandb":{"runtime":239},"iteration":1999,"_runtime":239.558823,"novelty_standard":0,"train_loss":-23.901105880737305,"_step":1999,"novelty_gfn":0,"epoch":1999,"loss":-23.901105880737305,"diversity_standard":349.9725058886035}